[
  {
    "id": "apple-ipad-pro-11-2021-128gb-spacegray",
    "category": "tablets",
    "namespaceId": "apple-ipad-pro-11-2021",
    "name": "Apple iPad Pro 11 (2021) 128GB Space Gray",
    "capacityAvailable": ["128GB", "256GB", "512GB", "1TB", "2TB"],
    "capacity": "128GB",
    "priceRegular": 799,
    "priceDiscount": 749,
    "colorsAvailable": ["spacegray", "silver"],
    "color": "spacegray",
    "images": [
      "img/tablets/apple-ipad-pro-11-2021/spacegray/00.webp",
      "img/tablets/apple-ipad-pro-11-2021/spacegray/01.webp",
      "img/tablets/apple-ipad-pro-11-2021/spacegray/02.webp"
    ],
    "description": [
      {
        "title": "Powerful Performance",
        "text": [
          "Experience incredible power and performance with the Apple iPad Pro 11. With the M1 chip, it delivers a new level of performance, making it faster and more efficient than ever before.",
          "Whether you're editing photos, designing artwork, or multitasking with demanding apps, the iPad Pro 11 handles it all with ease."
        ]
      },
      {
        "title": "Stunning Liquid Retina Display",
        "text": [
          "Enjoy a vibrant and immersive visual experience on the iPad Pro 11's Liquid Retina display. With ProMotion technology and True Tone, the display adapts to your environment, providing smooth scrolling, precise color accuracy, and incredible detail.",
          "From watching movies to editing videos, the iPad Pro 11's display brings your content to life with stunning clarity."
        ]
      },
      {
        "title": "Versatile Camera System",
        "text": [
          "Capture stunning photos and videos with the iPad Pro 11's advanced camera system. Featuring a 12MP Ultra Wide front camera and a 12MP Wide rear camera with LiDAR scanner, you can take high-quality shots and enjoy augmented reality experiences.",
          "Whether you're video calling, scanning documents, or recording 4K videos, the iPad Pro 11's camera system delivers exceptional performance."
        ]
      }
    ],
    "screen": "11' Liquid Retina",
    "resolution": "2388x1668",
    "processor": "Apple M1",
    "ram": "8GB",
    "camera": "12MP + 12MP",
    "zoom": "Digital zoom up to 5x",
    "cell": ["Not applicable"]
  },
  {
    "id": "apple-ipad-pro-11-2021-256gb-spacegray",
    "category": "tablets",
    "namespaceId": "apple-ipad-pro-11-2021",
    "name": "Apple iPad Pro 11 (2021) 256GB Space Gray",
    "capacityAvailable": ["128GB", "256GB", "512GB", "1TB", "2TB"],
    "capacity": "256GB",
    "priceRegular": 829,
    "priceDiscount": 799,
    "colorsAvailable": ["spacegray", "silver"],
    "color": "spacegray",
    "images": [
      "img/tablets/apple-ipad-pro-11-2021/spacegray/00.webp",
      "img/tablets/apple-ipad-pro-11-2021/spacegray/01.webp",
      "img/tablets/apple-ipad-pro-11-2021/spacegray/02.webp"
    ],
    "description": [
      {
        "title": "Powerful Performance",
        "text": [
          "Experience incredible power and performance with the Apple iPad Pro 11. With the M1 chip, it delivers a new level of performance, making it faster and more efficient than ever before.",
          "Whether you're editing photos, designing artwork, or multitasking with demanding apps, the iPad Pro 11 handles it all with ease."
        ]
      },
      {
        "title": "Stunning Liquid Retina Display",
        "text": [
          "Enjoy a vibrant and immersive visual experience on the iPad Pro 11's Liquid Retina display. With ProMotion technology and True Tone, the display adapts to your environment, providing smooth scrolling, precise color accuracy, and incredible detail.",
          "From watching movies to editing videos, the iPad Pro 11's display brings your content to life with stunning clarity."
        ]
      },
      {
        "title": "Versatile Camera System",
        "text": [
          "Capture stunning photos and videos with the iPad Pro 11's advanced camera system. Featuring a 12MP Ultra Wide front camera and a 12MP Wide rear camera with LiDAR scanner, you can take high-quality shots and enjoy augmented reality experiences.",
          "Whether you're video calling, scanning documents, or recording 4K videos, the iPad Pro 11's camera system delivers exceptional performance."
        ]
      }
    ],
    "screen": "11' Liquid Retina",
    "resolution": "2388x1668",
    "processor": "Apple M1",
    "ram": "8GB",
    "camera": "12MP + 12MP",
    "zoom": "Digital zoom up to 5x",
    "cell": ["Not applicable"]
  },
  {
    "id": "apple-ipad-pro-11-2021-512gb-spacegray",
    "category": "tablets",
    "namespaceId": "apple-ipad-pro-11-2021",
    "name": "Apple iPad Pro 11 (2021) 512GB Space Gray",
    "capacityAvailable": ["128GB", "256GB", "512GB", "1TB", "2TB"],
    "capacity": "512GB",
    "priceRegular": 869,
    "priceDiscount": 819,
    "colorsAvailable": ["spacegray", "silver"],
    "color": "spacegray",
    "images": [
      "img/tablets/apple-ipad-pro-11-2021/spacegray/00.webp",
      "img/tablets/apple-ipad-pro-11-2021/spacegray/01.webp",
      "img/tablets/apple-ipad-pro-11-2021/spacegray/02.webp"
    ],
    "description": [
      {
        "title": "Powerful Performance",
        "text": [
          "Experience incredible power and performance with the Apple iPad Pro 11. With the M1 chip, it delivers a new level of performance, making it faster and more efficient than ever before.",
          "Whether you're editing photos, designing artwork, or multitasking with demanding apps, the iPad Pro 11 handles it all with ease."
        ]
      },
      {
        "title": "Stunning Liquid Retina Display",
        "text": [
          "Enjoy a vibrant and immersive visual experience on the iPad Pro 11's Liquid Retina display. With ProMotion technology and True Tone, the display adapts to your environment, providing smooth scrolling, precise color accuracy, and incredible detail.",
          "From watching movies to editing videos, the iPad Pro 11's display brings your content to life with stunning clarity."
        ]
      },
      {
        "title": "Versatile Camera System",
        "text": [
          "Capture stunning photos and videos with the iPad Pro 11's advanced camera system. Featuring a 12MP Ultra Wide front camera and a 12MP Wide rear camera with LiDAR scanner, you can take high-quality shots and enjoy augmented reality experiences.",
          "Whether you're video calling, scanning documents, or recording 4K videos, the iPad Pro 11's camera system delivers exceptional performance."
        ]
      }
    ],
    "screen": "11' Liquid Retina",
    "resolution": "2388x1668",
    "processor": "Apple M1",
    "ram": "8GB",
    "camera": "12MP + 12MP",
    "zoom": "Digital zoom up to 5x",
    "cell": ["Not applicable"]
  },
  {
    "id": "apple-ipad-pro-11-2021-1tb-spacegray",
    "category": "tablets",
    "namespaceId": "apple-ipad-pro-11-2021",
    "name": "Apple iPad Pro 11 (2021) 1TB Space Gray",
    "capacityAvailable": ["128GB", "256GB", "512GB", "1TB", "2TB"],
    "capacity": "1TB",
    "priceRegular": 899,
    "priceDiscount": 879,
    "colorsAvailable": ["spacegray", "silver"],
    "color": "spacegray",
    "images": [
      "img/tablets/apple-ipad-pro-11-2021/spacegray/00.webp",
      "img/tablets/apple-ipad-pro-11-2021/spacegray/01.webp",
      "img/tablets/apple-ipad-pro-11-2021/spacegray/02.webp"
    ],
    "description": [
      {
        "title": "Powerful Performance",
        "text": [
          "Experience incredible power and performance with the Apple iPad Pro 11. With the M1 chip, it delivers a new level of performance, making it faster and more efficient than ever before.",
          "Whether you're editing photos, designing artwork, or multitasking with demanding apps, the iPad Pro 11 handles it all with ease."
        ]
      },
      {
        "title": "Stunning Liquid Retina Display",
        "text": [
          "Enjoy a vibrant and immersive visual experience on the iPad Pro 11's Liquid Retina display. With ProMotion technology and True Tone, the display adapts to your environment, providing smooth scrolling, precise color accuracy, and incredible detail.",
          "From watching movies to editing videos, the iPad Pro 11's display brings your content to life with stunning clarity."
        ]
      },
      {
        "title": "Versatile Camera System",
        "text": [
          "Capture stunning photos and videos with the iPad Pro 11's advanced camera system. Featuring a 12MP Ultra Wide front camera and a 12MP Wide rear camera with LiDAR scanner, you can take high-quality shots and enjoy augmented reality experiences.",
          "Whether you're video calling, scanning documents, or recording 4K videos, the iPad Pro 11's camera system delivers exceptional performance."
        ]
      }
    ],
    "screen": "11' Liquid Retina",
    "resolution": "2388x1668",
    "processor": "Apple M1",
    "ram": "16GB",
    "camera": "12MP + 12MP",
    "zoom": "Digital zoom up to 5x",
    "cell": ["Not applicable"]
  },
  {
    "id": "apple-ipad-pro-11-2021-2tb-spacegray",
    "category": "tablets",
    "namespaceId": "apple-ipad-pro-11-2021",
    "name": "Apple iPad Pro 11 (2021) 2TB Space Gray",
    "capacityAvailable": ["128GB", "256GB", "512GB", "1TB", "2TB"],
    "capacity": "2TB",
    "priceRegular": 999,
    "priceDiscount": 939,
    "colorsAvailable": ["spacegray", "silver"],
    "color": "spacegray",
    "images": [
      "img/tablets/apple-ipad-pro-11-2021/spacegray/00.webp",
      "img/tablets/apple-ipad-pro-11-2021/spacegray/01.webp",
      "img/tablets/apple-ipad-pro-11-2021/spacegray/02.webp"
    ],
    "description": [
      {
        "title": "Powerful Performance",
        "text": [
          "Experience incredible power and performance with the Apple iPad Pro 11. With the M1 chip, it delivers a new level of performance, making it faster and more efficient than ever before.",
          "Whether you're editing photos, designing artwork, or multitasking with demanding apps, the iPad Pro 11 handles it all with ease."
        ]
      },
      {
        "title": "Stunning Liquid Retina Display",
        "text": [
          "Enjoy a vibrant and immersive visual experience on the iPad Pro 11's Liquid Retina display. With ProMotion technology and True Tone, the display adapts to your environment, providing smooth scrolling, precise color accuracy, and incredible detail.",
          "From watching movies to editing videos, the iPad Pro 11's display brings your content to life with stunning clarity."
        ]
      },
      {
        "title": "Versatile Camera System",
        "text": [
          "Capture stunning photos and videos with the iPad Pro 11's advanced camera system. Featuring a 12MP Ultra Wide front camera and a 12MP Wide rear camera with LiDAR scanner, you can take high-quality shots and enjoy augmented reality experiences.",
          "Whether you're video calling, scanning documents, or recording 4K videos, the iPad Pro 11's camera system delivers exceptional performance."
        ]
      }
    ],
    "screen": "11' Liquid Retina",
    "resolution": "2388x1668",
    "processor": "Apple M1",
    "ram": "16GB",
    "camera": "12MP + 12MP",
    "zoom": "Digital zoom up to 5x",
    "cell": ["Not applicable"]
  },
  {
    "id": "apple-ipad-pro-11-2021-128gb-silver",
    "category": "tablets",
    "namespaceId": "apple-ipad-pro-11-2021",
    "name": "Apple iPad Pro 11 (2021) 128GB Silver",
    "capacityAvailable": ["128GB", "256GB", "512GB", "1TB", "2TB"],
    "capacity": "128GB",
    "priceRegular": 799,
    "priceDiscount": 749,
    "colorsAvailable": ["spacegray", "silver"],
    "color": "silver",
    "images": [
      "img/tablets/apple-ipad-pro-11-2021/silver/00.webp",
      "img/tablets/apple-ipad-pro-11-2021/silver/01.webp",
      "img/tablets/apple-ipad-pro-11-2021/silver/02.webp"
    ],
    "description": [
      {
        "title": "Powerful Performance",
        "text": [
          "Experience incredible power and performance with the Apple iPad Pro 11. With the M1 chip, it delivers a new level of performance, making it faster and more efficient than ever before.",
          "Whether you're editing photos, designing artwork, or multitasking with demanding apps, the iPad Pro 11 handles it all with ease."
        ]
      },
      {
        "title": "Stunning Liquid Retina Display",
        "text": [
          "Enjoy a vibrant and immersive visual experience on the iPad Pro 11's Liquid Retina display. With ProMotion technology and True Tone, the display adapts to your environment, providing smooth scrolling, precise color accuracy, and incredible detail.",
          "From watching movies to editing videos, the iPad Pro 11's display brings your content to life with stunning clarity."
        ]
      },
      {
        "title": "Versatile Camera System",
        "text": [
          "Capture stunning photos and videos with the iPad Pro 11's advanced camera system. Featuring a 12MP Ultra Wide front camera and a 12MP Wide rear camera with LiDAR scanner, you can take high-quality shots and enjoy augmented reality experiences.",
          "Whether you're video calling, scanning documents, or recording 4K videos, the iPad Pro 11's camera system delivers exceptional performance."
        ]
      }
    ],
    "screen": "11' Liquid Retina",
    "resolution": "2388x1668",
    "processor": "Apple M1",
    "ram": "8GB",
    "camera": "12MP + 12MP",
    "zoom": "Digital zoom up to 5x",
    "cell": ["Not applicable"]
  },
  {
    "id": "apple-ipad-pro-11-2021-256gb-silver",
    "category": "tablets",
    "namespaceId": "apple-ipad-pro-11-2021",
    "name": "Apple iPad Pro 11 (2021) 256GB Silver",
    "capacityAvailable": ["128GB", "256GB", "512GB", "1TB", "2TB"],
    "capacity": "256GB",
    "priceRegular": 829,
    "priceDiscount": 799,
    "colorsAvailable": ["spacegray", "silver"],
    "color": "silver",
    "images": [
      "img/tablets/apple-ipad-pro-11-2021/silver/00.webp",
      "img/tablets/apple-ipad-pro-11-2021/silver/01.webp",
      "img/tablets/apple-ipad-pro-11-2021/silver/02.webp"
    ],
    "description": [
      {
        "title": "Powerful Performance",
        "text": [
          "Experience incredible power and performance with the Apple iPad Pro 11. With the M1 chip, it delivers a new level of performance, making it faster and more efficient than ever before.",
          "Whether you're editing photos, designing artwork, or multitasking with demanding apps, the iPad Pro 11 handles it all with ease."
        ]
      },
      {
        "title": "Stunning Liquid Retina Display",
        "text": [
          "Enjoy a vibrant and immersive visual experience on the iPad Pro 11's Liquid Retina display. With ProMotion technology and True Tone, the display adapts to your environment, providing smooth scrolling, precise color accuracy, and incredible detail.",
          "From watching movies to editing videos, the iPad Pro 11's display brings your content to life with stunning clarity."
        ]
      },
      {
        "title": "Versatile Camera System",
        "text": [
          "Capture stunning photos and videos with the iPad Pro 11's advanced camera system. Featuring a 12MP Ultra Wide front camera and a 12MP Wide rear camera with LiDAR scanner, you can take high-quality shots and enjoy augmented reality experiences.",
          "Whether you're video calling, scanning documents, or recording 4K videos, the iPad Pro 11's camera system delivers exceptional performance."
        ]
      }
    ],
    "screen": "11' Liquid Retina",
    "resolution": "2388x1668",
    "processor": "Apple M1",
    "ram": "8GB",
    "camera": "12MP + 12MP",
    "zoom": "Digital zoom up to 5x",
    "cell": ["Not applicable"]
  },
  {
    "id": "apple-ipad-pro-11-2021-512gb-silver",
    "category": "tablets",
    "namespaceId": "apple-ipad-pro-11-2021",
    "name": "Apple iPad Pro 11 (2021) 512GB Silver",
    "capacityAvailable": ["128GB", "256GB", "512GB", "1TB", "2TB"],
    "capacity": "512GB",
    "priceRegular": 869,
    "priceDiscount": 819,
    "colorsAvailable": ["spacegray", "silver"],
    "color": "silver",
    "images": [
      "img/tablets/apple-ipad-pro-11-2021/silver/00.webp",
      "img/tablets/apple-ipad-pro-11-2021/silver/01.webp",
      "img/tablets/apple-ipad-pro-11-2021/silver/02.webp"
    ],
    "description": [
      {
        "title": "Powerful Performance",
        "text": [
          "Experience incredible power and performance with the Apple iPad Pro 11. With the M1 chip, it delivers a new level of performance, making it faster and more efficient than ever before.",
          "Whether you're editing photos, designing artwork, or multitasking with demanding apps, the iPad Pro 11 handles it all with ease."
        ]
      },
      {
        "title": "Stunning Liquid Retina Display",
        "text": [
          "Enjoy a vibrant and immersive visual experience on the iPad Pro 11's Liquid Retina display. With ProMotion technology and True Tone, the display adapts to your environment, providing smooth scrolling, precise color accuracy, and incredible detail.",
          "From watching movies to editing videos, the iPad Pro 11's display brings your content to life with stunning clarity."
        ]
      },
      {
        "title": "Versatile Camera System",
        "text": [
          "Capture stunning photos and videos with the iPad Pro 11's advanced camera system. Featuring a 12MP Ultra Wide front camera and a 12MP Wide rear camera with LiDAR scanner, you can take high-quality shots and enjoy augmented reality experiences.",
          "Whether you're video calling, scanning documents, or recording 4K videos, the iPad Pro 11's camera system delivers exceptional performance."
        ]
      }
    ],
    "screen": "11' Liquid Retina",
    "resolution": "2388x1668",
    "processor": "Apple M1",
    "ram": "8GB",
    "camera": "12MP + 12MP",
    "zoom": "Digital zoom up to 5x",
    "cell": ["Not applicable"]
  },
  {
    "id": "apple-ipad-pro-11-2021-1tb-silver",
    "category": "tablets",
    "namespaceId": "apple-ipad-pro-11-2021",
    "name": "Apple iPad Pro 11 (2021) 1TB Silver",
    "capacityAvailable": ["128GB", "256GB", "512GB", "1TB", "2TB"],
    "capacity": "1TB",
    "priceRegular": 899,
    "priceDiscount": 879,
    "colorsAvailable": ["spacegray", "silver"],
    "color": "silver",
    "images": [
      "img/tablets/apple-ipad-pro-11-2021/silver/00.webp",
      "img/tablets/apple-ipad-pro-11-2021/silver/01.webp",
      "img/tablets/apple-ipad-pro-11-2021/silver/02.webp"
    ],
    "description": [
      {
        "title": "Powerful Performance",
        "text": [
          "Experience incredible power and performance with the Apple iPad Pro 11. With the M1 chip, it delivers a new level of performance, making it faster and more efficient than ever before.",
          "Whether you're editing photos, designing artwork, or multitasking with demanding apps, the iPad Pro 11 handles it all with ease."
        ]
      },
      {
        "title": "Stunning Liquid Retina Display",
        "text": [
          "Enjoy a vibrant and immersive visual experience on the iPad Pro 11's Liquid Retina display. With ProMotion technology and True Tone, the display adapts to your environment, providing smooth scrolling, precise color accuracy, and incredible detail.",
          "From watching movies to editing videos, the iPad Pro 11's display brings your content to life with stunning clarity."
        ]
      },
      {
        "title": "Versatile Camera System",
        "text": [
          "Capture stunning photos and videos with the iPad Pro 11's advanced camera system. Featuring a 12MP Ultra Wide front camera and a 12MP Wide rear camera with LiDAR scanner, you can take high-quality shots and enjoy augmented reality experiences.",
          "Whether you're video calling, scanning documents, or recording 4K videos, the iPad Pro 11's camera system delivers exceptional performance."
        ]
      }
    ],
    "screen": "11' Liquid Retina",
    "resolution": "2388x1668",
    "processor": "Apple M1",
    "ram": "16GB",
    "camera": "12MP + 12MP",
    "zoom": "Digital zoom up to 5x",
    "cell": ["Not applicable"]
  },
  {
    "id": "apple-ipad-pro-11-2021-2tb-silver",
    "category": "tablets",
    "namespaceId": "apple-ipad-pro-11-2021",
    "name": "Apple iPad Pro 11 (2021) 2TB Silver",
    "capacityAvailable": ["128GB", "256GB", "512GB", "1TB", "2TB"],
    "capacity": "2TB",
    "priceRegular": 999,
    "priceDiscount": 939,
    "colorsAvailable": ["spacegray", "silver"],
    "color": "silver",
    "images": [
      "img/tablets/apple-ipad-pro-11-2021/silver/00.webp",
      "img/tablets/apple-ipad-pro-11-2021/silver/01.webp",
      "img/tablets/apple-ipad-pro-11-2021/silver/02.webp"
    ],
    "description": [
      {
        "title": "Powerful Performance",
        "text": [
          "Experience incredible power and performance with the Apple iPad Pro 11. With the M1 chip, it delivers a new level of performance, making it faster and more efficient than ever before.",
          "Whether you're editing photos, designing artwork, or multitasking with demanding apps, the iPad Pro 11 handles it all with ease."
        ]
      },
      {
        "title": "Stunning Liquid Retina Display",
        "text": [
          "Enjoy a vibrant and immersive visual experience on the iPad Pro 11's Liquid Retina display. With ProMotion technology and True Tone, the display adapts to your environment, providing smooth scrolling, precise color accuracy, and incredible detail.",
          "From watching movies to editing videos, the iPad Pro 11's display brings your content to life with stunning clarity."
        ]
      },
      {
        "title": "Versatile Camera System",
        "text": [
          "Capture stunning photos and videos with the iPad Pro 11's advanced camera system. Featuring a 12MP Ultra Wide front camera and a 12MP Wide rear camera with LiDAR scanner, you can take high-quality shots and enjoy augmented reality experiences.",
          "Whether you're video calling, scanning documents, or recording 4K videos, the iPad Pro 11's camera system delivers exceptional performance."
        ]
      }
    ],
    "screen": "11' Liquid Retina",
    "resolution": "2388x1668",
    "processor": "Apple M1",
    "ram": "16GB",
    "camera": "12MP + 12MP",
    "zoom": "Digital zoom up to 5x",
    "cell": ["Not applicable"]
  },
  {
    "id": "apple-ipad-air-4th-gen-256gb-rose-gold",
    "category": "tablets",
    "namespaceId": "apple-ipad-air-4th-gen",
    "name": "Apple iPad Air (4th Gen) 256GB Rose Gold",
    "capacityAvailable": ["64GB", "256GB"],
    "capacity": "256GB",
    "priceRegular": 749,
    "priceDiscount": 699,
    "colorsAvailable": ["rose gold", "silver", "green", "sky blue"],
    "color": "rose gold",
    "images": [
      "img/tablets/apple-ipad-air-4th-gen/rose-gold/00.webp",
      "img/tablets/apple-ipad-air-4th-gen/rose-gold/01.webp",
      "img/tablets/apple-ipad-air-4th-gen/rose-gold/02.webp",
      "img/tablets/apple-ipad-air-4th-gen/rose-gold/03.webp"
    ],
    "description": [
      {
        "title": "Thin, Light, and Powerful",
        "text": [
          "The Apple iPad Air (4th Gen) combines sleek design with powerful performance. With its thin and light form factor, it's incredibly portable and easy to carry wherever you go.",
          "Featuring the A14 Bionic chip with Neural Engine, the iPad Air delivers fast and efficient performance, making it ideal for multitasking, gaming, and creative tasks."
        ]
      },
      {
        "title": "Stunning Liquid Retina Display",
        "text": [
          "Immerse yourself in vivid visuals on the iPad Air's Liquid Retina display. With True Tone and P3 wide color gamut, it offers true-to-life colors and incredible detail.",
          "Whether you're watching movies, editing photos, or browsing the web, the iPad Air's display provides an immersive and enjoyable viewing experience."
        ]
      },
      {
        "title": "Versatile Features and Apple Pencil Support",
        "text": [
          "Unlock new possibilities with the iPad Air's versatile features. It supports Apple Pencil (2nd generation), allowing you to take notes, sketch, and annotate documents with precision.",
          "With Touch ID built into the top button, you can securely unlock your iPad, make secure purchases, and authenticate apps with a simple touch."
        ]
      }
    ],
    "screen": "10.9' Liquid Retina",
    "resolution": "2360x1640",
    "processor": "Apple A14 Bionic",
    "ram": "4GB",
    "camera": "12MP",
    "zoom": "Digital zoom up to 5x",
    "cell": ["Not applicable"]
  },
  {
    "id": "apple-ipad-air-4th-gen-64gb-rose-gold",
    "category": "tablets",
    "namespaceId": "apple-ipad-air-4th-gen",
    "name": "Apple iPad Air (4th Gen) 64GB Rose Gold",
    "capacityAvailable": ["64GB", "256GB"],
    "capacity": "64GB",
    "priceRegular": 599,
    "priceDiscount": 549,
    "colorsAvailable": ["rose gold", "silver", "green", "sky blue"],
    "color": "rose gold",
    "images": [
      "img/tablets/apple-ipad-air-4th-gen/rose-gold/00.webp",
      "img/tablets/apple-ipad-air-4th-gen/rose-gold/01.webp",
      "img/tablets/apple-ipad-air-4th-gen/rose-gold/02.webp",
      "img/tablets/apple-ipad-air-4th-gen/rose-gold/03.webp"
    ],
    "description": [
      {
        "title": "Thin, Light, and Powerful",
        "text": [
          "The Apple iPad Air (4th Gen) combines sleek design with powerful performance. With its thin and light form factor, it's incredibly portable and easy to carry wherever you go.",
          "Featuring the A14 Bionic chip with Neural Engine, the iPad Air delivers fast and efficient performance, making it ideal for multitasking, gaming, and creative tasks."
        ]
      },
      {
        "title": "Stunning Liquid Retina Display",
        "text": [
          "Immerse yourself in vivid visuals on the iPad Air's Liquid Retina display. With True Tone and P3 wide color gamut, it offers true-to-life colors and incredible detail.",
          "Whether you're watching movies, editing photos, or browsing the web, the iPad Air's display provides an immersive and enjoyable viewing experience."
        ]
      },
      {
        "title": "Versatile Features and Apple Pencil Support",
        "text": [
          "Unlock new possibilities with the iPad Air's versatile features. It supports Apple Pencil (2nd generation), allowing you to take notes, sketch, and annotate documents with precision.",
          "With Touch ID built into the top button, you can securely unlock your iPad, make secure purchases, and authenticate apps with a simple touch."
        ]
      }
    ],
    "screen": "10.9' Liquid Retina",
    "resolution": "2360x1640",
    "processor": "Apple A14 Bionic",
    "ram": "4GB",
    "camera": "12MP",
    "zoom": "Digital zoom up to 5x",
    "cell": ["Not applicable"]
  },
  {
    "id": "apple-ipad-air-4th-gen-64gb-silver",
    "category": "tablets",
    "namespaceId": "apple-ipad-air-4th-gen",
    "name": "Apple iPad Air (4th Gen) 64GB Silver",
    "capacityAvailable": ["64GB", "256GB"],
    "capacity": "64GB",
    "priceRegular": 599,
    "priceDiscount": 549,
    "colorsAvailable": ["rose gold", "silver", "green", "sky blue"],
    "color": "silver",
    "images": [
      "img/tablets/apple-ipad-air-4th-gen/silver/00.webp",
      "img/tablets/apple-ipad-air-4th-gen/silver/01.webp",
      "img/tablets/apple-ipad-air-4th-gen/silver/02.webp",
      "img/tablets/apple-ipad-air-4th-gen/silver/03.webp"
    ],
    "description": [
      {
        "title": "Thin, Light, and Powerful",
        "text": [
          "The Apple iPad Air (4th Gen) combines sleek design with powerful performance. With its thin and light form factor, it's incredibly portable and easy to carry wherever you go.",
          "Featuring the A14 Bionic chip with Neural Engine, the iPad Air delivers fast and efficient performance, making it ideal for multitasking, gaming, and creative tasks."
        ]
      },
      {
        "title": "Stunning Liquid Retina Display",
        "text": [
          "Immerse yourself in vivid visuals on the iPad Air's Liquid Retina display. With True Tone and P3 wide color gamut, it offers true-to-life colors and incredible detail.",
          "Whether you're watching movies, editing photos, or browsing the web, the iPad Air's display provides an immersive and enjoyable viewing experience."
        ]
      },
      {
        "title": "Versatile Features and Apple Pencil Support",
        "text": [
          "Unlock new possibilities with the iPad Air's versatile features. It supports Apple Pencil (2nd generation), allowing you to take notes, sketch, and annotate documents with precision.",
          "With Touch ID built into the top button, you can securely unlock your iPad, make secure purchases, and authenticate apps with a simple touch."
        ]
      }
    ],
    "screen": "10.9' Liquid Retina",
    "resolution": "2360x1640",
    "processor": "Apple A14 Bionic",
    "ram": "4GB",
    "camera": "12MP",
    "zoom": "Digital zoom up to 5x",
    "cell": ["Not applicable"]
  },
  {
    "id": "apple-ipad-air-4th-gen-256gb-silver",
    "category": "tablets",
    "namespaceId": "apple-ipad-air-4th-gen",
    "name": "Apple iPad Air (4th Gen) 256GB Silver",
    "capacityAvailable": ["64GB", "256GB"],
    "capacity": "256GB",
    "priceRegular": 749,
    "priceDiscount": 699,
    "colorsAvailable": ["rose gold", "silver", "green", "sky blue"],
    "color": "silver",
    "images": [
      "img/tablets/apple-ipad-air-4th-gen/silver/00.webp",
      "img/tablets/apple-ipad-air-4th-gen/silver/01.webp",
      "img/tablets/apple-ipad-air-4th-gen/silver/02.webp",
      "img/tablets/apple-ipad-air-4th-gen/silver/03.webp"
    ],
    "description": [
      {
        "title": "Thin, Light, and Powerful",
        "text": [
          "The Apple iPad Air (4th Gen) combines sleek design with powerful performance. With its thin and light form factor, it's incredibly portable and easy to carry wherever you go.",
          "Featuring the A14 Bionic chip with Neural Engine, the iPad Air delivers fast and efficient performance, making it ideal for multitasking, gaming, and creative tasks."
        ]
      },
      {
        "title": "Stunning Liquid Retina Display",
        "text": [
          "Immerse yourself in vivid visuals on the iPad Air's Liquid Retina display. With True Tone and P3 wide color gamut, it offers true-to-life colors and incredible detail.",
          "Whether you're watching movies, editing photos, or browsing the web, the iPad Air's display provides an immersive and enjoyable viewing experience."
        ]
      },
      {
        "title": "Versatile Features and Apple Pencil Support",
        "text": [
          "Unlock new possibilities with the iPad Air's versatile features. It supports Apple Pencil (2nd generation), allowing you to take notes, sketch, and annotate documents with precision.",
          "With Touch ID built into the top button, you can securely unlock your iPad, make secure purchases, and authenticate apps with a simple touch."
        ]
      }
    ],
    "screen": "10.9' Liquid Retina",
    "resolution": "2360x1640",
    "processor": "Apple A14 Bionic",
    "ram": "4GB",
    "camera": "12MP",
    "zoom": "Digital zoom up to 5x",
    "cell": ["Not applicable"]
  },
  {
    "id": "apple-ipad-air-4th-gen-256gb-green",
    "category": "tablets",
    "namespaceId": "apple-ipad-air-4th-gen",
    "name": "Apple iPad Air (4th Gen) 256GB Green",
    "capacityAvailable": ["64GB", "256GB"],
    "capacity": "256GB",
    "priceRegular": 749,
    "priceDiscount": 699,
    "colorsAvailable": ["rose gold", "silver", "green", "sky blue"],
    "color": "green",
    "images": [
      "img/tablets/apple-ipad-air-4th-gen/green/00.webp",
      "img/tablets/apple-ipad-air-4th-gen/green/01.webp",
      "img/tablets/apple-ipad-air-4th-gen/green/02.webp",
      "img/tablets/apple-ipad-air-4th-gen/green/03.webp"
    ],
    "description": [
      {
        "title": "Thin, Light, and Powerful",
        "text": [
          "The Apple iPad Air (4th Gen) combines sleek design with powerful performance. With its thin and light form factor, it's incredibly portable and easy to carry wherever you go.",
          "Featuring the A14 Bionic chip with Neural Engine, the iPad Air delivers fast and efficient performance, making it ideal for multitasking, gaming, and creative tasks."
        ]
      },
      {
        "title": "Stunning Liquid Retina Display",
        "text": [
          "Immerse yourself in vivid visuals on the iPad Air's Liquid Retina display. With True Tone and P3 wide color gamut, it offers true-to-life colors and incredible detail.",
          "Whether you're watching movies, editing photos, or browsing the web, the iPad Air's display provides an immersive and enjoyable viewing experience."
        ]
      },
      {
        "title": "Versatile Features and Apple Pencil Support",
        "text": [
          "Unlock new possibilities with the iPad Air's versatile features. It supports Apple Pencil (2nd generation), allowing you to take notes, sketch, and annotate documents with precision.",
          "With Touch ID built into the top button, you can securely unlock your iPad, make secure purchases, and authenticate apps with a simple touch."
        ]
      }
    ],
    "screen": "10.9' Liquid Retina",
    "resolution": "2360x1640",
    "processor": "Apple A14 Bionic",
    "ram": "4GB",
    "camera": "12MP",
    "zoom": "Digital zoom up to 5x",
    "cell": ["Not applicable"]
  },
  {
    "id": "apple-ipad-air-4th-gen-64gb-green",
    "category": "tablets",
    "namespaceId": "apple-ipad-air-4th-gen",
    "name": "Apple iPad Air (4th Gen) 64GB Green",
    "capacityAvailable": ["64GB", "256GB"],
    "capacity": "64GB",
    "priceRegular": 599,
    "priceDiscount": 549,
    "colorsAvailable": ["rose gold", "silver", "green", "sky blue"],
    "color": "green",
    "images": [
      "img/tablets/apple-ipad-air-4th-gen/green/00.webp",
      "img/tablets/apple-ipad-air-4th-gen/green/01.webp",
      "img/tablets/apple-ipad-air-4th-gen/green/02.webp",
      "img/tablets/apple-ipad-air-4th-gen/green/03.webp"
    ],
    "description": [
      {
        "title": "Thin, Light, and Powerful",
        "text": [
          "The Apple iPad Air (4th Gen) combines sleek design with powerful performance. With its thin and light form factor, it's incredibly portable and easy to carry wherever you go.",
          "Featuring the A14 Bionic chip with Neural Engine, the iPad Air delivers fast and efficient performance, making it ideal for multitasking, gaming, and creative tasks."
        ]
      },
      {
        "title": "Stunning Liquid Retina Display",
        "text": [
          "Immerse yourself in vivid visuals on the iPad Air's Liquid Retina display. With True Tone and P3 wide color gamut, it offers true-to-life colors and incredible detail.",
          "Whether you're watching movies, editing photos, or browsing the web, the iPad Air's display provides an immersive and enjoyable viewing experience."
        ]
      },
      {
        "title": "Versatile Features and Apple Pencil Support",
        "text": [
          "Unlock new possibilities with the iPad Air's versatile features. It supports Apple Pencil (2nd generation), allowing you to take notes, sketch, and annotate documents with precision.",
          "With Touch ID built into the top button, you can securely unlock your iPad, make secure purchases, and authenticate apps with a simple touch."
        ]
      }
    ],
    "screen": "10.9' Liquid Retina",
    "resolution": "2360x1640",
    "processor": "Apple A14 Bionic",
    "ram": "4GB",
    "camera": "12MP",
    "zoom": "Digital zoom up to 5x",
    "cell": ["Not applicable"]
  },
  {
    "id": "apple-ipad-air-4th-gen-64gb-sky-blue",
    "category": "tablets",
    "namespaceId": "apple-ipad-air-4th-gen",
    "name": "Apple iPad Air (4th Gen) 64GB Sky Blue",
    "capacityAvailable": ["64GB", "256GB"],
    "capacity": "64GB",
    "priceRegular": 599,
    "priceDiscount": 549,
    "colorsAvailable": ["rose gold", "silver", "green", "sky blue"],
    "color": "sky blue",
    "images": [
      "img/tablets/apple-ipad-air-4th-gen/sky-blue/00.webp",
      "img/tablets/apple-ipad-air-4th-gen/sky-blue/01.webp",
      "img/tablets/apple-ipad-air-4th-gen/sky-blue/02.webp",
      "img/tablets/apple-ipad-air-4th-gen/sky-blue/03.webp"
    ],
    "description": [
      {
        "title": "Thin, Light, and Powerful",
        "text": [
          "The Apple iPad Air (4th Gen) combines sleek design with powerful performance. With its thin and light form factor, it's incredibly portable and easy to carry wherever you go.",
          "Featuring the A14 Bionic chip with Neural Engine, the iPad Air delivers fast and efficient performance, making it ideal for multitasking, gaming, and creative tasks."
        ]
      },
      {
        "title": "Stunning Liquid Retina Display",
        "text": [
          "Immerse yourself in vivid visuals on the iPad Air's Liquid Retina display. With True Tone and P3 wide color gamut, it offers true-to-life colors and incredible detail.",
          "Whether you're watching movies, editing photos, or browsing the web, the iPad Air's display provides an immersive and enjoyable viewing experience."
        ]
      },
      {
        "title": "Versatile Features and Apple Pencil Support",
        "text": [
          "Unlock new possibilities with the iPad Air's versatile features. It supports Apple Pencil (2nd generation), allowing you to take notes, sketch, and annotate documents with precision.",
          "With Touch ID built into the top button, you can securely unlock your iPad, make secure purchases, and authenticate apps with a simple touch."
        ]
      }
    ],
    "screen": "10.9' Liquid Retina",
    "resolution": "2360x1640",
    "processor": "Apple A14 Bionic",
    "ram": "4GB",
    "camera": "12MP",
    "zoom": "Digital zoom up to 5x",
    "cell": ["Not applicable"]
  },
  {
    "id": "apple-ipad-air-4th-gen-256gb-sky-blue",
    "category": "tablets",
    "namespaceId": "apple-ipad-air-4th-gen",
    "name": "Apple iPad Air (4th Gen) 256GB Sky Blue",
    "capacityAvailable": ["64GB", "256GB"],
    "capacity": "256GB",
    "priceRegular": 749,
    "priceDiscount": 699,
    "colorsAvailable": ["rose gold", "silver", "green", "sky blue"],
    "color": "sky blue",
    "images": [
      "img/tablets/apple-ipad-air-4th-gen/sky-blue/00.webp",
      "img/tablets/apple-ipad-air-4th-gen/sky-blue/01.webp",
      "img/tablets/apple-ipad-air-4th-gen/sky-blue/02.webp",
      "img/tablets/apple-ipad-air-4th-gen/sky-blue/03.webp"
    ],
    "description": [
      {
        "title": "Thin, Light, and Powerful",
        "text": [
          "The Apple iPad Air (4th Gen) combines sleek design with powerful performance. With its thin and light form factor, it's incredibly portable and easy to carry wherever you go.",
          "Featuring the A14 Bionic chip with Neural Engine, the iPad Air delivers fast and efficient performance, making it ideal for multitasking, gaming, and creative tasks."
        ]
      },
      {
        "title": "Stunning Liquid Retina Display",
        "text": [
          "Immerse yourself in vivid visuals on the iPad Air's Liquid Retina display. With True Tone and P3 wide color gamut, it offers true-to-life colors and incredible detail.",
          "Whether you're watching movies, editing photos, or browsing the web, the iPad Air's display provides an immersive and enjoyable viewing experience."
        ]
      },
      {
        "title": "Versatile Features and Apple Pencil Support",
        "text": [
          "Unlock new possibilities with the iPad Air's versatile features. It supports Apple Pencil (2nd generation), allowing you to take notes, sketch, and annotate documents with precision.",
          "With Touch ID built into the top button, you can securely unlock your iPad, make secure purchases, and authenticate apps with a simple touch."
        ]
      }
    ],
    "screen": "10.9' Liquid Retina",
    "resolution": "2360x1640",
    "processor": "Apple A14 Bionic",
    "ram": "4GB",
    "camera": "12MP",
    "zoom": "Digital zoom up to 5x",
    "cell": ["Not applicable"]
  },
  {
    "id": "apple-ipad-mini-6th-gen-64gb-spacegray",
    "category": "tablets",
    "namespaceId": "apple-ipad-mini-6th-gen",
    "name": "Apple iPad Mini (6th Gen) 64GB Space Gray",
    "capacityAvailable": ["64GB", "256GB"],
    "capacity": "64GB",
    "priceRegular": 499,
    "priceDiscount": 469,
    "colorsAvailable": ["spacegray", "starlight", "pink"],
    "color": "spacegray",
    "images": [
      "img/tablets/apple-ipad-mini-6th-gen/spacegray/00.webp",
      "img/tablets/apple-ipad-mini-6th-gen/spacegray/01.webp",
      "img/tablets/apple-ipad-mini-6th-gen/spacegray/02.webp"
    ],
    "description": [
      {
        "title": "Compact and Portable",
        "text": [
          "Experience the power of an iPad in a compact size with the Apple iPad Mini (6th Gen). With its 8.3-inch Liquid Retina display and slim design, it's perfect for on-the-go productivity and entertainment.",
          "Whether you're reading, gaming, or watching videos, the iPad Mini delivers a stunning visual experience in a portable package."
        ]
      },
      {
        "title": "A15 Bionic Chip and Neural Engine",
        "text": [
          "The iPad Mini (6th Gen) is equipped with the powerful A15 Bionic chip and Neural Engine, delivering fast and efficient performance. It can handle demanding tasks and graphics-intensive apps with ease, making it suitable for both work and play.",
          "Experience smooth multitasking, immersive gaming, and seamless app usage on the iPad Mini."
        ]
      },
      {
        "title": "Advanced Cameras and Center Stage",
        "text": [
          "Capture stunning photos and videos with the iPad Mini's advanced cameras. With a 12MP front camera and a 12MP rear camera, you can take high-quality shots and record impressive videos.",
          "The iPad Mini also features Center Stage, a feature that automatically keeps you in frame during video calls, making your conversations more engaging and dynamic."
        ]
      }
    ],
    "screen": "8.3' Liquid Retina",
    "resolution": "2266x1488",
    "processor": "Apple A15 Bionic",
    "ram": "4GB",
    "camera": "12MP",
    "zoom": "Digital zoom up to 5x",
    "cell": ["Not applicable"]
  },
  {
    "id": "apple-ipad-mini-6th-gen-256gb-spacegray",
    "category": "tablets",
    "namespaceId": "apple-ipad-mini-6th-gen",
    "name": "Apple iPad Mini (6th Gen) 256GB Space Gray",
    "capacityAvailable": ["64GB", "256GB"],
    "capacity": "256GB",
    "priceRegular": 649,
    "priceDiscount": 599,
    "colorsAvailable": ["spacegray", "starlight", "pink"],
    "color": "spacegray",
    "images": [
      "img/tablets/apple-ipad-mini-6th-gen/spacegray/00.webp",
      "img/tablets/apple-ipad-mini-6th-gen/spacegray/01.webp",
      "img/tablets/apple-ipad-mini-6th-gen/spacegray/02.webp"
    ],
    "description": [
      {
        "title": "Compact and Portable",
        "text": [
          "Experience the power of an iPad in a compact size with the Apple iPad Mini (6th Gen). With its 8.3-inch Liquid Retina display and slim design, it's perfect for on-the-go productivity and entertainment.",
          "Whether you're reading, gaming, or watching videos, the iPad Mini delivers a stunning visual experience in a portable package."
        ]
      },
      {
        "title": "A15 Bionic Chip and Neural Engine",
        "text": [
          "The iPad Mini (6th Gen) is equipped with the powerful A15 Bionic chip and Neural Engine, delivering fast and efficient performance. It can handle demanding tasks and graphics-intensive apps with ease, making it suitable for both work and play.",
          "Experience smooth multitasking, immersive gaming, and seamless app usage on the iPad Mini."
        ]
      },
      {
        "title": "Advanced Cameras and Center Stage",
        "text": [
          "Capture stunning photos and videos with the iPad Mini's advanced cameras. With a 12MP front camera and a 12MP rear camera, you can take high-quality shots and record impressive videos.",
          "The iPad Mini also features Center Stage, a feature that automatically keeps you in frame during video calls, making your conversations more engaging and dynamic."
        ]
      }
    ],
    "screen": "8.3' Liquid Retina",
    "resolution": "2266x1488",
    "processor": "Apple A15 Bionic",
    "ram": "4GB",
    "camera": "12MP",
    "zoom": "Digital zoom up to 5x",
    "cell": ["Not applicable"]
  },
  {
    "id": "apple-ipad-mini-6th-gen-256gb-starlight",
    "category": "tablets",
    "namespaceId": "apple-ipad-mini-6th-gen",
    "name": "Apple iPad Mini (6th Gen) 256GB Starlight",
    "capacityAvailable": ["64GB", "256GB"],
    "capacity": "256GB",
    "priceRegular": 649,
    "priceDiscount": 599,
    "colorsAvailable": ["spacegray", "starlight", "pink"],
    "color": "starlight",
    "images": [
      "img/tablets/apple-ipad-mini-6th-gen/starlight/00.webp",
      "img/tablets/apple-ipad-mini-6th-gen/starlight/01.webp",
      "img/tablets/apple-ipad-mini-6th-gen/starlight/02.webp"
    ],
    "description": [
      {
        "title": "Compact and Portable",
        "text": [
          "Experience the power of an iPad in a compact size with the Apple iPad Mini (6th Gen). With its 8.3-inch Liquid Retina display and slim design, it's perfect for on-the-go productivity and entertainment.",
          "Whether you're reading, gaming, or watching videos, the iPad Mini delivers a stunning visual experience in a portable package."
        ]
      },
      {
        "title": "A15 Bionic Chip and Neural Engine",
        "text": [
          "The iPad Mini (6th Gen) is equipped with the powerful A15 Bionic chip and Neural Engine, delivering fast and efficient performance. It can handle demanding tasks and graphics-intensive apps with ease, making it suitable for both work and play.",
          "Experience smooth multitasking, immersive gaming, and seamless app usage on the iPad Mini."
        ]
      },
      {
        "title": "Advanced Cameras and Center Stage",
        "text": [
          "Capture stunning photos and videos with the iPad Mini's advanced cameras. With a 12MP front camera and a 12MP rear camera, you can take high-quality shots and record impressive videos.",
          "The iPad Mini also features Center Stage, a feature that automatically keeps you in frame during video calls, making your conversations more engaging and dynamic."
        ]
      }
    ],
    "screen": "8.3' Liquid Retina",
    "resolution": "2266x1488",
    "processor": "Apple A15 Bionic",
    "ram": "4GB",
    "camera": "12MP",
    "zoom": "Digital zoom up to 5x",
    "cell": ["Not applicable"]
  },
  {
    "id": "apple-ipad-mini-6th-gen-64gb-starlight",
    "category": "tablets",
    "namespaceId": "apple-ipad-mini-6th-gen",
    "name": "Apple iPad Mini (6th Gen) 64GB Starlight",
    "capacityAvailable": ["64GB", "256GB"],
    "capacity": "64GB",
    "priceRegular": 499,
    "priceDiscount": 469,
    "colorsAvailable": ["spacegray", "starlight", "pink"],
    "color": "starlight",
    "images": [
      "img/tablets/apple-ipad-mini-6th-gen/starlight/00.webp",
      "img/tablets/apple-ipad-mini-6th-gen/starlight/01.webp",
      "img/tablets/apple-ipad-mini-6th-gen/starlight/02.webp"
    ],
    "description": [
      {
        "title": "Compact and Portable",
        "text": [
          "Experience the power of an iPad in a compact size with the Apple iPad Mini (6th Gen). With its 8.3-inch Liquid Retina display and slim design, it's perfect for on-the-go productivity and entertainment.",
          "Whether you're reading, gaming, or watching videos, the iPad Mini delivers a stunning visual experience in a portable package."
        ]
      },
      {
        "title": "A15 Bionic Chip and Neural Engine",
        "text": [
          "The iPad Mini (6th Gen) is equipped with the powerful A15 Bionic chip and Neural Engine, delivering fast and efficient performance. It can handle demanding tasks and graphics-intensive apps with ease, making it suitable for both work and play.",
          "Experience smooth multitasking, immersive gaming, and seamless app usage on the iPad Mini."
        ]
      },
      {
        "title": "Advanced Cameras and Center Stage",
        "text": [
          "Capture stunning photos and videos with the iPad Mini's advanced cameras. With a 12MP front camera and a 12MP rear camera, you can take high-quality shots and record impressive videos.",
          "The iPad Mini also features Center Stage, a feature that automatically keeps you in frame during video calls, making your conversations more engaging and dynamic."
        ]
      }
    ],
    "screen": "8.3' Liquid Retina",
    "resolution": "2266x1488",
    "processor": "Apple A15 Bionic",
    "ram": "4GB",
    "camera": "12MP",
    "zoom": "Digital zoom up to 5x",
    "cell": ["Not applicable"]
  },
  {
    "id": "apple-ipad-mini-6th-gen-64gb-pink",
    "category": "tablets",
    "namespaceId": "apple-ipad-mini-6th-gen",
    "name": "Apple iPad Mini (6th Gen) 64GB Pink",
    "capacityAvailable": ["64GB", "256GB"],
    "capacity": "64GB",
    "priceRegular": 499,
    "priceDiscount": 469,
    "colorsAvailable": ["spacegray", "starlight", "pink"],
    "color": "pink",
    "images": [
      "img/tablets/apple-ipad-mini-6th-gen/pink/00.webp",
      "img/tablets/apple-ipad-mini-6th-gen/pink/01.webp",
      "img/tablets/apple-ipad-mini-6th-gen/pink/02.webp"
    ],
    "description": [
      {
        "title": "Compact and Portable",
        "text": [
          "Experience the power of an iPad in a compact size with the Apple iPad Mini (6th Gen). With its 8.3-inch Liquid Retina display and slim design, it's perfect for on-the-go productivity and entertainment.",
          "Whether you're reading, gaming, or watching videos, the iPad Mini delivers a stunning visual experience in a portable package."
        ]
      },
      {
        "title": "A15 Bionic Chip and Neural Engine",
        "text": [
          "The iPad Mini (6th Gen) is equipped with the powerful A15 Bionic chip and Neural Engine, delivering fast and efficient performance. It can handle demanding tasks and graphics-intensive apps with ease, making it suitable for both work and play.",
          "Experience smooth multitasking, immersive gaming, and seamless app usage on the iPad Mini."
        ]
      },
      {
        "title": "Advanced Cameras and Center Stage",
        "text": [
          "Capture stunning photos and videos with the iPad Mini's advanced cameras. With a 12MP front camera and a 12MP rear camera, you can take high-quality shots and record impressive videos.",
          "The iPad Mini also features Center Stage, a feature that automatically keeps you in frame during video calls, making your conversations more engaging and dynamic."
        ]
      }
    ],
    "screen": "8.3' Liquid Retina",
    "resolution": "2266x1488",
    "processor": "Apple A15 Bionic",
    "ram": "4GB",
    "camera": "12MP",
    "zoom": "Digital zoom up to 5x",
    "cell": ["Not applicable"]
  },
  {
    "id": "apple-ipad-mini-6th-gen-256gb-pink",
    "category": "tablets",
    "namespaceId": "apple-ipad-mini-6th-gen",
    "name": "Apple iPad Mini (6th Gen) 256GB Pink",
    "capacityAvailable": ["64GB", "256GB"],
    "capacity": "256GB",
    "priceRegular": 649,
    "priceDiscount": 619,
    "colorsAvailable": ["spacegray", "starlight", "pink"],
    "color": "pink",
    "images": [
      "img/tablets/apple-ipad-mini-6th-gen/pink/00.webp",
      "img/tablets/apple-ipad-mini-6th-gen/pink/01.webp",
      "img/tablets/apple-ipad-mini-6th-gen/pink/02.webp"
    ],
    "description": [
      {
        "title": "Compact and Portable",
        "text": [
          "Experience the power of an iPad in a compact size with the Apple iPad Mini (6th Gen). With its 8.3-inch Liquid Retina display and slim design, it's perfect for on-the-go productivity and entertainment.",
          "Whether you're reading, gaming, or watching videos, the iPad Mini delivers a stunning visual experience in a portable package."
        ]
      },
      {
        "title": "A15 Bionic Chip and Neural Engine",
        "text": [
          "The iPad Mini (6th Gen) is equipped with the powerful A15 Bionic chip and Neural Engine, delivering fast and efficient performance. It can handle demanding tasks and graphics-intensive apps with ease, making it suitable for both work and play.",
          "Experience smooth multitasking, immersive gaming, and seamless app usage on the iPad Mini."
        ]
      },
      {
        "title": "Advanced Cameras and Center Stage",
        "text": [
          "Capture stunning photos and videos with the iPad Mini's advanced cameras. With a 12MP front camera and a 12MP rear camera, you can take high-quality shots and record impressive videos.",
          "The iPad Mini also features Center Stage, a feature that automatically keeps you in frame during video calls, making your conversations more engaging and dynamic."
        ]
      }
    ],
    "screen": "8.3' Liquid Retina",
    "resolution": "2266x1488",
    "processor": "Apple A15 Bionic",
    "ram": "4GB",
    "camera": "12MP",
    "zoom": "Digital zoom up to 5x",
    "cell": ["Not applicable"]
  },
  {
    "id": "apple-ipad-10-2-2020-128gb-gold",
    "category": "tablets",
    "namespaceId": "apple-ipad-10-2-2020",
    "name": "Apple iPad 10.2 (2020) 128GB Gold",
    "capacityAvailable": ["32GB", "128GB"],
    "capacity": "128GB",
    "priceRegular": 429,
    "priceDiscount": 399,
    "colorsAvailable": ["gold", "silver", "spacegray"],
    "color": "gold",
    "images": [
      "img/tablets/apple-ipad-10-2-2020/gold/00.webp",
      "img/tablets/apple-ipad-10-2-2020/gold/01.webp",
      "img/tablets/apple-ipad-10-2-2020/gold/02.webp",
      "img/tablets/apple-ipad-10-2-2020/gold/03.webp"
    ],
    "description": [
      {
        "title": "Versatile and Affordable",
        "text": [
          "The Apple iPad 10.2 (2020) offers a versatile and affordable option for everyday tasks and entertainment. Whether you're browsing the web, streaming content, or using productivity apps, it delivers a smooth and responsive experience.",
          "With its large 10.2-inch Retina display, it provides a great viewing experience for all your content."
        ]
      },
      {
        "title": "Powerful Performance",
        "text": [
          "Experience powerful performance with the iPad 10.2's A12 Bionic chip. It enables fast and efficient multitasking, allowing you to run multiple apps smoothly and seamlessly.",
          "From gaming to editing documents, the iPad 10.2 can handle it all with ease."
        ]
      },
      {
        "title": "Apple Pencil and Smart Keyboard Support",
        "text": [
          "Unlock your creativity and productivity with Apple Pencil and Smart Keyboard support. Take notes, draw, and sketch with precision using the Apple Pencil (1st generation), and transform your iPad into a lightweight laptop with the Smart Keyboard.",
          "The iPad 10.2 adapts to your needs, whether you're a student, professional, or creative artist."
        ]
      }
    ],
    "screen": "10.2' Retina",
    "resolution": "2160x1620",
    "processor": "Apple A12 Bionic",
    "ram": "3GB",
    "camera": "8MP",
    "zoom": "Digital zoom up to 5x",
    "cell": ["Not applicable"]
  },
  {
    "id": "apple-ipad-10-2-2020-32gb-gold",
    "category": "tablets",
    "namespaceId": "apple-ipad-10-2-2020",
    "name": "Apple iPad 10.2 (2020) 32GB Gold",
    "capacityAvailable": ["32GB", "128GB"],
    "capacity": "32GB",
    "priceRegular": 329,
    "priceDiscount": 299,
    "colorsAvailable": ["gold", "silver", "spacegray"],
    "color": "gold",
    "images": [
      "img/tablets/apple-ipad-10-2-2020/gold/00.webp",
      "img/tablets/apple-ipad-10-2-2020/gold/01.webp",
      "img/tablets/apple-ipad-10-2-2020/gold/02.webp",
      "img/tablets/apple-ipad-10-2-2020/gold/03.webp"
    ],
    "description": [
      {
        "title": "Versatile and Affordable",
        "text": [
          "The Apple iPad 10.2 (2020) offers a versatile and affordable option for everyday tasks and entertainment. Whether you're browsing the web, streaming content, or using productivity apps, it delivers a smooth and responsive experience.",
          "With its large 10.2-inch Retina display, it provides a great viewing experience for all your content."
        ]
      },
      {
        "title": "Powerful Performance",
        "text": [
          "Experience powerful performance with the iPad 10.2's A12 Bionic chip. It enables fast and efficient multitasking, allowing you to run multiple apps smoothly and seamlessly.",
          "From gaming to editing documents, the iPad 10.2 can handle it all with ease."
        ]
      },
      {
        "title": "Apple Pencil and Smart Keyboard Support",
        "text": [
          "Unlock your creativity and productivity with Apple Pencil and Smart Keyboard support. Take notes, draw, and sketch with precision using the Apple Pencil (1st generation), and transform your iPad into a lightweight laptop with the Smart Keyboard.",
          "The iPad 10.2 adapts to your needs, whether you're a student, professional, or creative artist."
        ]
      }
    ],
    "screen": "10.2' Retina",
    "resolution": "2160x1620",
    "processor": "Apple A12 Bionic",
    "ram": "3GB",
    "camera": "8MP",
    "zoom": "Digital zoom up to 5x",
    "cell": ["Not applicable"]
  },
  {
    "id": "apple-ipad-10-2-2020-32gb-silver",
    "category": "tablets",
    "namespaceId": "apple-ipad-10-2-2020",
    "name": "Apple iPad 10.2 (2020) 32GB Silver",
    "capacityAvailable": ["32GB", "128GB"],
    "capacity": "32GB",
    "priceRegular": 329,
    "priceDiscount": 299,
    "colorsAvailable": ["gold", "silver", "spacegray"],
    "color": "silver",
    "images": [
      "img/tablets/apple-ipad-10-2-2020/silver/00.webp",
      "img/tablets/apple-ipad-10-2-2020/silver/01.webp",
      "img/tablets/apple-ipad-10-2-2020/silver/02.webp",
      "img/tablets/apple-ipad-10-2-2020/silver/03.webp"
    ],
    "description": [
      {
        "title": "Versatile and Affordable",
        "text": [
          "The Apple iPad 10.2 (2020) offers a versatile and affordable option for everyday tasks and entertainment. Whether you're browsing the web, streaming content, or using productivity apps, it delivers a smooth and responsive experience.",
          "With its large 10.2-inch Retina display, it provides a great viewing experience for all your content."
        ]
      },
      {
        "title": "Powerful Performance",
        "text": [
          "Experience powerful performance with the iPad 10.2's A12 Bionic chip. It enables fast and efficient multitasking, allowing you to run multiple apps smoothly and seamlessly.",
          "From gaming to editing documents, the iPad 10.2 can handle it all with ease."
        ]
      },
      {
        "title": "Apple Pencil and Smart Keyboard Support",
        "text": [
          "Unlock your creativity and productivity with Apple Pencil and Smart Keyboard support. Take notes, draw, and sketch with precision using the Apple Pencil (1st generation), and transform your iPad into a lightweight laptop with the Smart Keyboard.",
          "The iPad 10.2 adapts to your needs, whether you're a student, professional, or creative artist."
        ]
      }
    ],
    "screen": "10.2' Retina",
    "resolution": "2160x1620",
    "processor": "Apple A12 Bionic",
    "ram": "3GB",
    "camera": "8MP",
    "zoom": "Digital zoom up to 5x",
    "cell": ["Not applicable"]
  },
  {
    "id": "apple-ipad-10-2-2020-128gb-silver",
    "category": "tablets",
    "namespaceId": "apple-ipad-10-2-2020",
    "name": "Apple iPad 10.2 (2020) 128GB Silver",
    "capacityAvailable": ["32GB", "128GB"],
    "capacity": "128GB",
    "priceRegular": 429,
    "priceDiscount": 399,
    "colorsAvailable": ["gold", "silver", "spacegray"],
    "color": "silver",
    "images": [
      "img/tablets/apple-ipad-10-2-2020/silver/00.webp",
      "img/tablets/apple-ipad-10-2-2020/silver/01.webp",
      "img/tablets/apple-ipad-10-2-2020/silver/02.webp",
      "img/tablets/apple-ipad-10-2-2020/silver/03.webp"
    ],
    "description": [
      {
        "title": "Versatile and Affordable",
        "text": [
          "The Apple iPad 10.2 (2020) offers a versatile and affordable option for everyday tasks and entertainment. Whether you're browsing the web, streaming content, or using productivity apps, it delivers a smooth and responsive experience.",
          "With its large 10.2-inch Retina display, it provides a great viewing experience for all your content."
        ]
      },
      {
        "title": "Powerful Performance",
        "text": [
          "Experience powerful performance with the iPad 10.2's A12 Bionic chip. It enables fast and efficient multitasking, allowing you to run multiple apps smoothly and seamlessly.",
          "From gaming to editing documents, the iPad 10.2 can handle it all with ease."
        ]
      },
      {
        "title": "Apple Pencil and Smart Keyboard Support",
        "text": [
          "Unlock your creativity and productivity with Apple Pencil and Smart Keyboard support. Take notes, draw, and sketch with precision using the Apple Pencil (1st generation), and transform your iPad into a lightweight laptop with the Smart Keyboard.",
          "The iPad 10.2 adapts to your needs, whether you're a student, professional, or creative artist."
        ]
      }
    ],
    "screen": "10.2' Retina",
    "resolution": "2160x1620",
    "processor": "Apple A12 Bionic",
    "ram": "3GB",
    "camera": "8MP",
    "zoom": "Digital zoom up to 5x",
    "cell": ["Not applicable"]
  },
  {
    "id": "apple-ipad-10-2-2020-128gb-spacegray",
    "category": "tablets",
    "namespaceId": "apple-ipad-10-2-2020",
    "name": "Apple iPad 10.2 (2020) 128GB Space Gray",
    "capacityAvailable": ["32GB", "128GB"],
    "capacity": "128GB",
    "priceRegular": 429,
    "priceDiscount": 399,
    "colorsAvailable": ["gold", "silver", "spacegray"],
    "color": "spacegray",
    "images": [
      "img/tablets/apple-ipad-10-2-2020/spacegray/00.webp",
      "img/tablets/apple-ipad-10-2-2020/spacegray/01.webp",
      "img/tablets/apple-ipad-10-2-2020/spacegray/02.webp",
      "img/tablets/apple-ipad-10-2-2020/spacegray/03.webp"
    ],
    "description": [
      {
        "title": "Versatile and Affordable",
        "text": [
          "The Apple iPad 10.2 (2020) offers a versatile and affordable option for everyday tasks and entertainment. Whether you're browsing the web, streaming content, or using productivity apps, it delivers a smooth and responsive experience.",
          "With its large 10.2-inch Retina display, it provides a great viewing experience for all your content."
        ]
      },
      {
        "title": "Powerful Performance",
        "text": [
          "Experience powerful performance with the iPad 10.2's A12 Bionic chip. It enables fast and efficient multitasking, allowing you to run multiple apps smoothly and seamlessly.",
          "From gaming to editing documents, the iPad 10.2 can handle it all with ease."
        ]
      },
      {
        "title": "Apple Pencil and Smart Keyboard Support",
        "text": [
          "Unlock your creativity and productivity with Apple Pencil and Smart Keyboard support. Take notes, draw, and sketch with precision using the Apple Pencil (1st generation), and transform your iPad into a lightweight laptop with the Smart Keyboard.",
          "The iPad 10.2 adapts to your needs, whether you're a student, professional, or creative artist."
        ]
      }
    ],
    "screen": "10.2' Retina",
    "resolution": "2160x1620",
    "processor": "Apple A12 Bionic",
    "ram": "3GB",
    "camera": "8MP",
    "zoom": "Digital zoom up to 5x",
    "cell": ["Not applicable"]
  },
  {
    "id": "apple-ipad-10-2-2020-32gb-spacegray",
    "category": "tablets",
    "namespaceId": "apple-ipad-10-2-2020",
    "name": "Apple iPad 10.2 (2020) 32GB Space Gray",
    "capacityAvailable": ["32GB", "128GB"],
    "capacity": "32GB",
    "priceRegular": 329,
    "priceDiscount": 299,
    "colorsAvailable": ["gold", "silver", "spacegray"],
    "color": "spacegray",
    "images": [
      "img/tablets/apple-ipad-10-2-2020/spacegray/00.webp",
      "img/tablets/apple-ipad-10-2-2020/spacegray/01.webp",
      "img/tablets/apple-ipad-10-2-2020/spacegray/02.webp",
      "img/tablets/apple-ipad-10-2-2020/spacegray/03.webp"
    ],
    "description": [
      {
        "title": "Versatile and Affordable",
        "text": [
          "The Apple iPad 10.2 (2020) offers a versatile and affordable option for everyday tasks and entertainment. Whether you're browsing the web, streaming content, or using productivity apps, it delivers a smooth and responsive experience.",
          "With its large 10.2-inch Retina display, it provides a great viewing experience for all your content."
        ]
      },
      {
        "title": "Powerful Performance",
        "text": [
          "Experience powerful performance with the iPad 10.2's A12 Bionic chip. It enables fast and efficient multitasking, allowing you to run multiple apps smoothly and seamlessly.",
          "From gaming to editing documents, the iPad 10.2 can handle it all with ease."
        ]
      },
      {
        "title": "Apple Pencil and Smart Keyboard Support",
        "text": [
          "Unlock your creativity and productivity with Apple Pencil and Smart Keyboard support. Take notes, draw, and sketch with precision using the Apple Pencil (1st generation), and transform your iPad into a lightweight laptop with the Smart Keyboard.",
          "The iPad 10.2 adapts to your needs, whether you're a student, professional, or creative artist."
        ]
      }
    ],
    "screen": "10.2' Retina",
    "resolution": "2160x1620",
    "processor": "Apple A12 Bionic",
    "ram": "3GB",
    "camera": "8MP",
    "zoom": "Digital zoom up to 5x",
    "cell": ["Not applicable"]
  },
  {
    "id": "apple-ipad-mini-5th-gen-256gb-silver",
    "category": "tablets",
    "namespaceId": "apple-ipad-mini-5th-gen",
    "name": "Apple iPad Mini (5th Gen) 256GB Silver",
    "capacityAvailable": ["64GB", "256GB"],
    "capacity": "256GB",
    "priceRegular": 549,
    "priceDiscount": 499,
    "colorsAvailable": ["silver", "spacegray", "gold"],
    "color": "silver",
    "images": [
      "img/tablets/apple-ipad-mini-5th-gen/silver/00.webp",
      "img/tablets/apple-ipad-mini-5th-gen/silver/01.webp"
    ],
    "description": [
      {
        "title": "Compact and Powerful",
        "text": [
          "The Apple iPad Mini (5th Gen) packs a punch with its compact size and powerful performance. Whether you're on the go or at home, it's perfect for productivity, entertainment, and creativity.",
          "With its A12 Bionic chip, the iPad Mini delivers fast and efficient performance, allowing you to run demanding apps and games smoothly."
        ]
      },
      {
        "title": "Retina Display and True Tone",
        "text": [
          "Experience stunning visuals on the iPad Mini's Retina display. With True Tone technology, it adjusts the display's color temperature to match the ambient lighting, providing a natural and comfortable viewing experience.",
          "From reading ebooks to browsing photos, the iPad Mini's display brings content to life with vibrant colors and sharp details."
        ]
      },
      {
        "title": "Apple Pencil and Smart Keyboard Support",
        "text": [
          "Unlock your creativity and productivity with Apple Pencil and Smart Keyboard support. Take notes, sketch, and annotate documents with precision using the Apple Pencil (1st generation), and turn your iPad Mini into a versatile workstation with the Smart Keyboard.",
          "The iPad Mini adapts to your needs, making it a powerful tool for both work and play."
        ]
      }
    ],
    "screen": "7.9' Retina",
    "resolution": "2048x1536",
    "processor": "Apple A12 Bionic",
    "ram": "3GB",
    "camera": "8MP",
    "zoom": "Digital zoom up to 5x",
    "cell": ["Not applicable"]
  },
  {
    "id": "apple-ipad-mini-5th-gen-64gb-silver",
    "category": "tablets",
    "namespaceId": "apple-ipad-mini-5th-gen",
    "name": "Apple iPad Mini (5th Gen) 64GB Silver",
    "capacityAvailable": ["64GB", "256GB"],
    "capacity": "64GB",
    "priceRegular": 549,
    "priceDiscount": 499,
    "colorsAvailable": ["silver", "spacegray", "gold"],
    "color": "silver",
    "images": [
      "img/tablets/apple-ipad-mini-5th-gen/silver/00.webp",
      "img/tablets/apple-ipad-mini-5th-gen/silver/01.webp"
    ],
    "description": [
      {
        "title": "Compact and Powerful",
        "text": [
          "The Apple iPad Mini (5th Gen) packs a punch with its compact size and powerful performance. Whether you're on the go or at home, it's perfect for productivity, entertainment, and creativity.",
          "With its A12 Bionic chip, the iPad Mini delivers fast and efficient performance, allowing you to run demanding apps and games smoothly."
        ]
      },
      {
        "title": "Retina Display and True Tone",
        "text": [
          "Experience stunning visuals on the iPad Mini's Retina display. With True Tone technology, it adjusts the display's color temperature to match the ambient lighting, providing a natural and comfortable viewing experience.",
          "From reading ebooks to browsing photos, the iPad Mini's display brings content to life with vibrant colors and sharp details."
        ]
      },
      {
        "title": "Apple Pencil and Smart Keyboard Support",
        "text": [
          "Unlock your creativity and productivity with Apple Pencil and Smart Keyboard support. Take notes, sketch, and annotate documents with precision using the Apple Pencil (1st generation), and turn your iPad Mini into a versatile workstation with the Smart Keyboard.",
          "The iPad Mini adapts to your needs, making it a powerful tool for both work and play."
        ]
      }
    ],
    "screen": "7.9' Retina",
    "resolution": "2048x1536",
    "processor": "Apple A12 Bionic",
    "ram": "3GB",
    "camera": "8MP",
    "zoom": "Digital zoom up to 5x",
    "cell": ["Not applicable"]
  },
  {
    "id": "apple-ipad-mini-5th-gen-64gb-spacegray",
    "category": "tablets",
    "namespaceId": "apple-ipad-mini-5th-gen",
    "name": "Apple iPad Mini (5th Gen) 64GB Space Gray",
    "capacityAvailable": ["64GB", "256GB"],
    "capacity": "64GB",
    "priceRegular": 549,
    "priceDiscount": 499,
    "colorsAvailable": ["silver", "spacegray", "gold"],
    "color": "spacegray",
    "images": [
      "img/tablets/apple-ipad-mini-5th-gen/spacegray/00.webp",
      "img/tablets/apple-ipad-mini-5th-gen/spacegray/01.webp"
    ],
    "description": [
      {
        "title": "Compact and Powerful",
        "text": [
          "The Apple iPad Mini (5th Gen) packs a punch with its compact size and powerful performance. Whether you're on the go or at home, it's perfect for productivity, entertainment, and creativity.",
          "With its A12 Bionic chip, the iPad Mini delivers fast and efficient performance, allowing you to run demanding apps and games smoothly."
        ]
      },
      {
        "title": "Retina Display and True Tone",
        "text": [
          "Experience stunning visuals on the iPad Mini's Retina display. With True Tone technology, it adjusts the display's color temperature to match the ambient lighting, providing a natural and comfortable viewing experience.",
          "From reading ebooks to browsing photos, the iPad Mini's display brings content to life with vibrant colors and sharp details."
        ]
      },
      {
        "title": "Apple Pencil and Smart Keyboard Support",
        "text": [
          "Unlock your creativity and productivity with Apple Pencil and Smart Keyboard support. Take notes, sketch, and annotate documents with precision using the Apple Pencil (1st generation), and turn your iPad Mini into a versatile workstation with the Smart Keyboard.",
          "The iPad Mini adapts to your needs, making it a powerful tool for both work and play."
        ]
      }
    ],
    "screen": "7.9' Retina",
    "resolution": "2048x1536",
    "processor": "Apple A12 Bionic",
    "ram": "3GB",
    "camera": "8MP",
    "zoom": "Digital zoom up to 5x",
    "cell": ["Not applicable"]
  },
  {
    "id": "apple-ipad-mini-5th-gen-256gb-spacegray",
    "category": "tablets",
    "namespaceId": "apple-ipad-mini-5th-gen",
    "name": "Apple iPad Mini (5th Gen) 256GB Space Gray",
    "capacityAvailable": ["64GB", "256GB"],
    "capacity": "256GB",
    "priceRegular": 549,
    "priceDiscount": 499,
    "colorsAvailable": ["silver", "spacegray", "gold"],
    "color": "spacegray",
    "images": [
      "img/tablets/apple-ipad-mini-5th-gen/spacegray/00.webp",
      "img/tablets/apple-ipad-mini-5th-gen/spacegray/01.webp"
    ],
    "description": [
      {
        "title": "Compact and Powerful",
        "text": [
          "The Apple iPad Mini (5th Gen) packs a punch with its compact size and powerful performance. Whether you're on the go or at home, it's perfect for productivity, entertainment, and creativity.",
          "With its A12 Bionic chip, the iPad Mini delivers fast and efficient performance, allowing you to run demanding apps and games smoothly."
        ]
      },
      {
        "title": "Retina Display and True Tone",
        "text": [
          "Experience stunning visuals on the iPad Mini's Retina display. With True Tone technology, it adjusts the display's color temperature to match the ambient lighting, providing a natural and comfortable viewing experience.",
          "From reading ebooks to browsing photos, the iPad Mini's display brings content to life with vibrant colors and sharp details."
        ]
      },
      {
        "title": "Apple Pencil and Smart Keyboard Support",
        "text": [
          "Unlock your creativity and productivity with Apple Pencil and Smart Keyboard support. Take notes, sketch, and annotate documents with precision using the Apple Pencil (1st generation), and turn your iPad Mini into a versatile workstation with the Smart Keyboard.",
          "The iPad Mini adapts to your needs, making it a powerful tool for both work and play."
        ]
      }
    ],
    "screen": "7.9' Retina",
    "resolution": "2048x1536",
    "processor": "Apple A12 Bionic",
    "ram": "3GB",
    "camera": "8MP",
    "zoom": "Digital zoom up to 5x",
    "cell": ["Not applicable"]
  },
  {
    "id": "apple-ipad-mini-5th-gen-256gb-gold",
    "category": "tablets",
    "namespaceId": "apple-ipad-mini-5th-gen",
    "name": "Apple iPad Mini (5th Gen) 256GB Gold",
    "capacityAvailable": ["64GB", "256GB"],
    "capacity": "256GB",
    "priceRegular": 549,
    "priceDiscount": 499,
    "colorsAvailable": ["silver", "spacegray", "gold"],
    "color": "gold",
    "images": [
      "img/tablets/apple-ipad-mini-5th-gen/gold/00.webp",
      "img/tablets/apple-ipad-mini-5th-gen/gold/01.webp"
    ],
    "description": [
      {
        "title": "Compact and Powerful",
        "text": [
          "The Apple iPad Mini (5th Gen) packs a punch with its compact size and powerful performance. Whether you're on the go or at home, it's perfect for productivity, entertainment, and creativity.",
          "With its A12 Bionic chip, the iPad Mini delivers fast and efficient performance, allowing you to run demanding apps and games smoothly."
        ]
      },
      {
        "title": "Retina Display and True Tone",
        "text": [
          "Experience stunning visuals on the iPad Mini's Retina display. With True Tone technology, it adjusts the display's color temperature to match the ambient lighting, providing a natural and comfortable viewing experience.",
          "From reading ebooks to browsing photos, the iPad Mini's display brings content to life with vibrant colors and sharp details."
        ]
      },
      {
        "title": "Apple Pencil and Smart Keyboard Support",
        "text": [
          "Unlock your creativity and productivity with Apple Pencil and Smart Keyboard support. Take notes, sketch, and annotate documents with precision using the Apple Pencil (1st generation), and turn your iPad Mini into a versatile workstation with the Smart Keyboard.",
          "The iPad Mini adapts to your needs, making it a powerful tool for both work and play."
        ]
      }
    ],
    "screen": "7.9' Retina",
    "resolution": "2048x1536",
    "processor": "Apple A12 Bionic",
    "ram": "3GB",
    "camera": "8MP",
    "zoom": "Digital zoom up to 5x",
    "cell": ["Not applicable"]
  },
  {
    "id": "apple-ipad-mini-5th-gen-64gb-gold",
    "category": "tablets",
    "namespaceId": "apple-ipad-mini-5th-gen",
    "name": "Apple iPad Mini (5th Gen) 64GB Gold",
    "capacityAvailable": ["64GB", "256GB"],
    "capacity": "64GB",
    "priceRegular": 549,
    "priceDiscount": 499,
    "colorsAvailable": ["silver", "spacegray", "gold"],
    "color": "gold",
    "images": [
      "img/tablets/apple-ipad-mini-5th-gen/gold/00.webp",
      "img/tablets/apple-ipad-mini-5th-gen/gold/01.webp"
    ],
    "description": [
      {
        "title": "Compact and Powerful",
        "text": [
          "The Apple iPad Mini (5th Gen) packs a punch with its compact size and powerful performance. Whether you're on the go or at home, it's perfect for productivity, entertainment, and creativity.",
          "With its A12 Bionic chip, the iPad Mini delivers fast and efficient performance, allowing you to run demanding apps and games smoothly."
        ]
      },
      {
        "title": "Retina Display and True Tone",
        "text": [
          "Experience stunning visuals on the iPad Mini's Retina display. With True Tone technology, it adjusts the display's color temperature to match the ambient lighting, providing a natural and comfortable viewing experience.",
          "From reading ebooks to browsing photos, the iPad Mini's display brings content to life with vibrant colors and sharp details."
        ]
      },
      {
        "title": "Apple Pencil and Smart Keyboard Support",
        "text": [
          "Unlock your creativity and productivity with Apple Pencil and Smart Keyboard support. Take notes, sketch, and annotate documents with precision using the Apple Pencil (1st generation), and turn your iPad Mini into a versatile workstation with the Smart Keyboard.",
          "The iPad Mini adapts to your needs, making it a powerful tool for both work and play."
        ]
      }
    ],
    "screen": "7.9' Retina",
    "resolution": "2048x1536",
    "processor": "Apple A12 Bionic",
    "ram": "3GB",
    "camera": "8MP",
    "zoom": "Digital zoom up to 5x",
    "cell": ["Not applicable"]
  }
]
