{
  "stats": {
    "suites": 1,
    "tests": 1,
    "passes": 1,
    "pending": 0,
    "failures": 0,
    "testsRegistered": 1,
    "passPercent": 100,
    "pendingPercent": 0,
    "other": 0,
    "hasOther": false,
    "skipped": 0,
    "hasSkipped": false,
    "start": "2026-02-04T14:04:13.290Z",
    "end": "2026-02-04T14:04:14.266Z",
    "duration": 976
  },
  "results": [
    {
      "uuid": "e0636132-52a0-41fc-8c3d-9a1be6654b34",
      "title": "",
      "fullFile": "cypress\\integration\\page.spec.js",
      "file": "cypress\\integration\\page.spec.js",
      "beforeHooks": [],
      "afterHooks": [],
      "tests": [],
      "suites": [
        {
          "uuid": "1400ca5e-1209-4e3f-a958-d41abc7b4e90",
          "title": "App",
          "fullFile": "",
          "file": "",
          "beforeHooks": [],
          "afterHooks": [],
          "tests": [
            {
              "title": "should have h1",
              "fullTitle": "App should have h1",
              "timedOut": null,
              "duration": 869,
              "state": "passed",
              "speed": "fast",
              "pass": true,
              "fail": false,
              "pending": false,
              "context": null,
              "code": "cy.get('h1').should('have.text', 'Product Catalog');",
              "err": {},
              "uuid": "f40ec5a6-88af-43a8-832a-e2c9415d8412",
              "parentUUID": "1400ca5e-1209-4e3f-a958-d41abc7b4e90",
              "isHook": false,
              "skipped": false
            }
          ],
          "suites": [],
          "passes": [
            "f40ec5a6-88af-43a8-832a-e2c9415d8412"
          ],
          "failures": [],
          "pending": [],
          "skipped": [],
          "duration": 869,
          "root": false,
          "rootEmpty": false,
          "_timeout": 2000
        }
      ],
      "passes": [],
      "failures": [],
      "pending": [],
      "skipped": [],
      "duration": 0,
      "root": true,
      "rootEmpty": true,
      "_timeout": 2000
    }
  ],
  "meta": {
    "mocha": {
      "version": "7.0.1"
    },
    "mochawesome": {
      "options": {
        "quiet": false,
        "reportFilename": "mochawesome",
        "saveHtml": false,
        "saveJson": true,
        "consoleReporter": "spec",
        "useInlineDiffs": false,
        "code": true
      },
      "version": "7.1.3"
    },
    "marge": {
      "options": {
        "reportDir": "raw_reports",
        "overwrite": false,
        "html": false,
        "json": true
      },
      "version": "6.2.0"
    }
  }
}